id	text	binary_label	multiclass_label	ner_label
1623029859541782528	"Hatayâ€™da 6 yaÅŸÄ±nda bir kÄ±z Ã§ocuÄŸunu kurtaran Yunan kurtarma ekibi,  bÃ¶yle sevindi.

#greece #yunanistan #kahramanmaraÅŸ #pazarcÄ±k #elbistan #deprem #sondakika #gaziantep #diyarbakÄ±r #ÅŸanlÄ±urfa #osmaniye #adana #afad #hatay #malatya #magazinmahallesi https://t.co/jgCJhS47II"	0.0	Bilgi PaylaÅŸÄ±mÄ±	{'il': ['Hatay', 'KahramanmaraÅŸ', 'PazarcÄ±k', 'Elbistan', 'Gaziantep', 'DiyarbakÄ±r', 'ÅanlÄ±urfa', 'Osmaniye', 'Adana', 'Malatya'], 'ilÃ§e': [], 'mahalle veya kÃ¶y': [], 'bulvar veya cadde veya sokak': [], 'apartman veya bina veya site': [], 'no': [], 'kiÅŸi': [], 'kiÅŸi durumu': [], 'yer': [], 'ihtiyaÃ§': [], 'telefon numarasÄ±': []}
1622978903517155328	"ÃœCRETSÄ°Z

AKARYAKIT YARDIMLARIMIZ

HATAY

DÃ¶rtyol Ä°lÃ§esi

Hidayet Petrol - 0532 603 54 19

GAZÄ°ANTEP

Åehitkamil Ä°lÃ§esi

Ã–zemin Petrol - 0542 794 58 96

KAHRAMANMARAÅ OnikiÅŸubat Ä°lÃ§esi

Saylak Petrol - 0531 650 28 31 TÃ¼rkoÄŸlu Ä°lÃ§esi

Nempet YakÄ±t - 0536 034 04 46"	0.0	BaÄŸÄ±ÅŸ ve GÃ¶nÃ¼llÃ¼lÃ¼k	{'il': ['Hatay', 'Gaziantep', 'KahramanmaraÅŸ'], 'ilÃ§e': ['DÃ¶rtyol', 'Åehitkamil', 'OnikiÅŸubat', 'TÃ¼rkoÄŸlu'], 'mahalle veya kÃ¶y': [], 'bulvar veya cadde veya sokak': [], 'apartman veya bina veya site': ['Hidayet Petrol', 'Ã–zemin Petrol', 'Saylak Petrol', 'Nempet YakÄ±t'], 'no': [], 'kiÅŸi': [], 'kiÅŸi durumu': [], 'yer': [], 'ihtiyaÃ§': ['akaryakÄ±t'], 'telefon numarasÄ±': ['0532 603 54 19', '0542 794 58 96', '0531 650 28 31', '0536 034 04 46']}
1623050005178388480	@hanifebinici @otekidunyali Ä°stanbuldayÄ±m maalesef, Ä°zmirâ€™de tanÄ±dÄ±ÄŸÄ±m yardÄ±m ulaÅŸtÄ±rabilecek kimse yok. TeÅŸekkÃ¼r ederim cevabÄ±nÄ±z iÃ§in	0.0	Ä°htiyaÃ§	{'il': ['Ä°stanbul'], 'ilÃ§e': [], 'mahalle veya kÃ¶y': [], 'bulvar veya cadde veya sokak': [], 'apartman veya bina veya site': [], 'no': [], 'kiÅŸi': [], 'kiÅŸi durumu': [], 'yer': [], 'ihtiyaÃ§': [], 'telefon numarasÄ±': []}
1624537370623152128	hatay arsuz giriÅŸi	0.0	YardÄ±m Ã‡aÄŸrÄ±sÄ±	{'il': [], 'ilÃ§e': [], 'mahalle veya kÃ¶y': [], 'bulvar veya cadde veya sokak': [], 'apartman veya bina veya site': [], 'no': [], 'kiÅŸi': [], 'kiÅŸi durumu': [], 'yer': [], 'ihtiyaÃ§': [], 'telefon numarasÄ±': []}
1623000831837581312	"""Ä°yiym arladaÅŸlar elektirik yok telefonum kapanÄ±yo bi ihtiyacÄ±m yok ama Hatay KÄ±rÄ±khan'a hiÃ§bir yardÄ±m gelmedi herkes Ã§ok kÃ¶tÃ¼ durumda yardÄ±m etmek isteyenler lÃ¼tfen oraya ulaÅŸtÄ±rsÄ±n"" #hatayyardimbekliyor #HatayKÄ±rÄ±khanaYardÄ±m #deprem #HalukLevent #OguzhanUgur"	0.0	YardÄ±m Ã‡aÄŸrÄ±sÄ±	{'il': ['Hatay'], 'ilÃ§e': ['KÄ±rÄ±khan'], 'mahalle veya kÃ¶y': [], 'bulvar veya cadde veya sokak': [], 'apartman veya bina veya site': [], 'no': [], 'kiÅŸi': [], 'kiÅŸi durumu': ['kÃ¶tÃ¼ durumda'], 'yer': [], 'ihtiyaÃ§': [], 'telefon numarasÄ±': []}
1622806624711712768	"Hatay'da depremden 26 saat sonra 2 kÃ¼Ã§Ã¼k Ã§ocuk enkazdan saÄŸ olarak kurtarÄ±ldÄ±.

#Umut #Mutluluk https://t.co/k3EkQcQGop"	0.0	Bilgi PaylaÅŸÄ±mÄ±	{'il': ['Hatay'], 'ilÃ§e': [], 'mahalle veya kÃ¶y': [], 'bulvar veya cadde veya sokak': [], 'apartman veya bina veya site': [], 'no': [], 'kiÅŸi': ['2 kÃ¼Ã§Ã¼k Ã§ocuk'], 'kiÅŸi durumu': ['enkazdan saÄŸ olarak kurtarÄ±ldÄ±'], 'yer': [], 'ihtiyaÃ§': [], 'telefon numarasÄ±': []}
1624097891336826880	"AdÄ±yaman'da 112. Saatte 57 yaÅŸÄ±ndaki Halime Aktoprak Enkaz altÄ±ndan saÄŸ Ã§Ä±karÄ±ldÄ±... 112 Saatâ€¦

Allahu ekbeeeeeeeeeer!"	0.0	Bilgi PaylaÅŸÄ±mÄ±	{'il': ['AdÄ±yaman'], 'ilÃ§e': [], 'mahalle veya kÃ¶y': [], 'bulvar veya cadde veya sokak': [], 'apartman veya bina veya site': [], 'no': [], 'kiÅŸi': ['Halime Aktoprak'], 'kiÅŸi durumu': ['Enkaz altÄ±ndan saÄŸ Ã§Ä±karÄ±ldÄ±'], 'yer': [], 'ihtiyaÃ§': [], 'telefon numarasÄ±': []}
1624364381805981696	"Sadece astÄ±m deÄŸil, kronik hastalÄ±ÄŸÄ± olan, sma hastasÄ± makinaya baÄŸlÄ± yaÅŸamak zorunda olan herkes iÃ§in deprem bÃ¶lgesinde destek 

LÃœTFEN LÃœTFEN LÃœTFEN LÃœTFEN LÃœTFEN LÃœTFEN LÃœTFEN LÃœTFEN"	0.0	Ä°htiyaÃ§	{'il': [], 'ilÃ§e': [], 'mahalle veya kÃ¶y': [], 'bulvar veya cadde veya sokak': [], 'apartman veya bina veya site': [], 'no': [], 'kiÅŸi': [], 'kiÅŸi durumu': ['kronik hastalÄ±ÄŸÄ± olan', 'sma hastasÄ±', 'makinaya baÄŸlÄ± yaÅŸamak zorunda olan'], 'yer': ['deprem bÃ¶lgesi'], 'ihtiyaÃ§': ['destek'], 'telefon numarasÄ±': []}
1624570410745339904	"Ruken GÃ¼dÃ¼cÃ¼ yaÅŸ 23
En son 21.00da iletiÅŸim kuruldu  kendisiyle birlikte toplam 3 kiÅŸi enkaz altÄ±nda 
AtatÃ¼rk bulvarÄ± bahÃ§elievler evler dilek apartmanÄ± 334a AdÄ±yaman merkez 
0530 345 90 36
0533 387 76 34
HÄ±zÄ±r GÃ¼dÃ¼cÃ¼ ve Yasin KÃ¼Ã§Ã¼k 
+90 552 376 51 82 Ä°LETÄ°ÅÄ°M 
TEYÄ°TLÄ°"	1.0	YardÄ±m Ã‡aÄŸrÄ±sÄ±	{'il': ['AdÄ±yaman'], 'ilÃ§e': ['merkez'], 'mahalle veya kÃ¶y': [], 'bulvar veya cadde veya sokak': ['AtatÃ¼rk bulvarÄ±'], 'apartman veya bina veya site': ['dilek apartmanÄ± 334a'], 'no': [], 'kiÅŸi': ['Ruken GÃ¼dÃ¼cÃ¼', 'HÄ±zÄ±r GÃ¼dÃ¼cÃ¼', 'Yasin KÃ¼Ã§Ã¼k'], 'kiÅŸi durumu': ['enkaz altÄ±nda'], 'yer': ['bahÃ§elievler evler'], 'ihtiyaÃ§': [], 'telefon numarasÄ±': ['0530 345 90 36', '0533 387 76 34', '+90 552 376 51 82']}
1624762743910805504	Hatay'da enkaz altÄ±ndaki hamile bir kadÄ±n depremden 157 saat sonra enkazdan kurtarÄ±ldÄ±.	0.0	Bilgi PaylaÅŸÄ±mÄ±	{'il': ['Hatay'], 'ilÃ§e': [], 'mahalle veya kÃ¶y': [], 'bulvar veya cadde veya sokak': [], 'apartman veya bina veya site': [], 'no': [], 'kiÅŸi': ['hamile bir kadÄ±n'], 'kiÅŸi durumu': ['enkaz altÄ±nda', 'kurtarÄ±ldÄ±'], 'yer': [], 'ihtiyaÃ§': [], 'telefon numarasÄ±': []}
1623016360178483200	Gaziantep havalimani sivil ucuslara ne zaman acilacak? Bilgi var mi? #OguzhanUgur	0.0	Bilgi PaylaÅŸÄ±mÄ±	{'il': ['Gaziantep'], 'ilÃ§e': [], 'mahalle veya kÃ¶y': [], 'bulvar veya cadde veya sokak': [], 'apartman veya bina veya site': [], 'no': [], 'kiÅŸi': [], 'kiÅŸi durumu': [], 'yer': [], 'ihtiyaÃ§': [], 'telefon numarasÄ±': []}
1622726161196322816	"Enkaz altÄ±ndan saatler sonra bir minik yavrumuz kurtarÄ±ldÄ±.

https://t.co/2BGDyw6Ylg"	0.0	Bilgi PaylaÅŸÄ±mÄ±	{'il': [], 'ilÃ§e': [], 'mahalle veya kÃ¶y': [], 'bulvar veya cadde veya sokak': [], 'apartman veya bina veya site': [], 'no': [], 'kiÅŸi': ['bir minik yavrumuz'], 'kiÅŸi durumu': ['enkaz altÄ±ndan kurtarÄ±ldÄ±'], 'yer': [], 'ihtiyaÃ§': [], 'telefon numarasÄ±': []}
1622763094609956864	"Ä°spanyol arama kurtarma ekibi ile koordinasyonu saÄŸlamak iÃ§in Adana yada Hatayâ€™da Ä°spanyolca bilenlere ihtiyaÃ§ var. 
YardÄ±mcÄ± olabilecek kiÅŸiler @erdalbarisyldrm ile iletiÅŸime geÃ§ebilirlerse sevinirim #deprem"	0.0	BaÄŸÄ±ÅŸ ve GÃ¶nÃ¼llÃ¼lÃ¼k	{'il': ['Adana', 'Hatay'], 'ilÃ§e': [], 'mahalle veya kÃ¶y': [], 'bulvar veya cadde veya sokak': [], 'apartman veya bina veya site': [], 'no': [], 'kiÅŸi': [], 'kiÅŸi durumu': [], 'yer': [], 'ihtiyaÃ§': ['Ä°spanyolca bilen kiÅŸiler'], 'telefon numarasÄ±': []}
1624527981174525952	"#SONDAKÄ°KA
Hatay'da depremin 141. saatinde Sultan ve Ceylan isimli 2 vatandaÅŸÄ±mÄ±z enkazdan saÄŸ olarak kurtarÄ±ldÄ±."	0.0	Bilgi PaylaÅŸÄ±mÄ±	{'il': ['Hatay'], 'ilÃ§e': [], 'mahalle veya kÃ¶y': [], 'bulvar veya cadde veya sokak': [], 'apartman veya bina veya site': [], 'no': [], 'kiÅŸi': ['Sultan', 'Ceylan'], 'kiÅŸi durumu': ['enkazdan saÄŸ olarak kurtarÄ±ldÄ±'], 'yer': [], 'ihtiyaÃ§': [], 'telefon numarasÄ±': []}
1622936708663676928	Deprezede kardeÅŸlerimize yardÄ±m sunan yerlere ait bilgiler... https://t.co/MkzJLMCYIo	0.0	BaÄŸÄ±ÅŸ ve GÃ¶nÃ¼llÃ¼lÃ¼k	{'il': [], 'ilÃ§e': [], 'mahalle veya kÃ¶y': [], 'bulvar veya cadde veya sokak': [], 'apartman veya bina veya site': [], 'no': [], 'kiÅŸi': [], 'kiÅŸi durumu': [], 'yer': [], 'ihtiyaÃ§': [], 'telefon numarasÄ±': []}
1623034549205667840	@livthiium @cihatakbel @AFADBaskanlik @AFADKMaras 05313974444 hatay vinÃ§ organizasyon bir arayÄ±n belki faydasÄ± olur yÃ¶nlendirir vs	0.0	Ä°htiyaÃ§	{'il': ['Hatay'], 'ilÃ§e': [], 'mahalle veya kÃ¶y': [], 'bulvar veya cadde veya sokak': [], 'apartman veya bina veya site': [], 'no': [], 'kiÅŸi': [], 'kiÅŸi durumu': [], 'yer': [], 'ihtiyaÃ§': [], 'telefon numarasÄ±': ['05313974444']}
1622718068249006080	@06melihgokcek Åimdi Bi arkadaÅŸla konuÅŸtuk. Antep Ä°hsaniyede, gÃ¶rÃ¼nÃ¼rde ekip yok dedi.. Ä°nsanlar enkaz altÄ±nda sesleri var,,, yani. Ã‡ok fazla yÄ±kÄ±m var ve yetiÅŸmek zor gerÃ§ekten, AllahÄ±m yardÄ±mcÄ±larÄ± olsun	0.0	YardÄ±m Ã‡aÄŸrÄ±sÄ±	{'il': ['Gaziantep'], 'ilÃ§e': ['Åahinbey'], 'mahalle veya kÃ¶y': ['Ä°hsaniye'], 'bulvar veya cadde veya sokak': [], 'apartman veya bina veya site': [], 'no': [], 'kiÅŸi': [], 'kiÅŸi durumu': [], 'yer': [], 'ihtiyaÃ§': [], 'telefon numarasÄ±': []}
1622551944035241984	@haluklevent alitaÅŸÄ± mahallesi mercan apartmanÄ± AdÄ±yaman merkez HALA YARDIM GÄ°TMEMÄ°S YARDIMCI OLUR MUSUNUZ GÃ–Ã‡ÃœK ALTINDA KALANLAR OLABÄ°LÄ°R	1.0	YardÄ±m Ã‡aÄŸrÄ±sÄ±	{'il': ['AdÄ±yaman'], 'ilÃ§e': ['merkez'], 'mahalle veya kÃ¶y': ['alitaÅŸÄ± mahallesi'], 'bulvar veya cadde veya sokak': [], 'apartman veya bina veya site': ['mercan apartmanÄ±'], 'no': [], 'kiÅŸi': [], 'kiÅŸi durumu': [], 'yer': [], 'ihtiyaÃ§': ['HALA YARDIM GÄ°TMEMÄ°S'], 'telefon numarasÄ±': []}
1623434400124833792	"ENKAZDAN Ã‡IKMIÅLAR HER TÃœRLÃœ YARDIMA Ä°HTÄ°YACI VAR.  LÃœTFEN BU ADRESE SU, YÄ°YECEK, GÄ°YECEK NE VARSA ULAÅTIRIN
AdÄ±yaman Mehmet Akif mahallesi 503. sokak
Gazihan AlagÃ¶z
#AdÄ±yaman @AFADAdiyaman @AFADBaskanlik @ekremalpay8 @OguzhanUgur @PincTivi"	0.0	YardÄ±m Ã‡aÄŸrÄ±sÄ±	{'il': ['AdÄ±yaman'], 'ilÃ§e': [], 'mahalle veya kÃ¶y': ['Mehmet Akif mahallesi'], 'bulvar veya cadde veya sokak': ['503. sokak'], 'apartman veya bina veya site': [], 'no': [], 'kiÅŸi': ['Gazihan AlagÃ¶z'], 'kiÅŸi durumu': [], 'yer': [], 'ihtiyaÃ§': ['su', 'yiyecek', 'giyecek'], 'telefon numarasÄ±': []}
1623594813588180992	Hatay Antakya Kuruyer kÃ¶yÃ¼nde her tÃ¼rlÃ¼ erzak kiÅŸisel bakÄ±m Ã§adÄ±r ihtiyacÄ± vardÄ±r	0.0	Ä°htiyaÃ§	{'il': ['Hatay'], 'ilÃ§e': ['Antakya'], 'mahalle veya kÃ¶y': ['Kuruyer kÃ¶yÃ¼'], 'bulvar veya cadde veya sokak': [], 'apartman veya bina veya site': [], 'no': [], 'kiÅŸi': [], 'kiÅŸi durumu': [], 'yer': [], 'ihtiyaÃ§': ['her tÃ¼rlÃ¼ erzak', 'kiÅŸisel bakÄ±m', 'Ã§adÄ±r'], 'telefon numarasÄ±': []}
1622954823963365376	@bpthaber YardÄ±ma ihtiyacÄ±mÄ±z var.Antakya Emlak bank 1 kÄ±sÄ±m evleri . 7 blok Ã§Ã¶ktÃ¼ . YardÄ±m gelmiyor. Ä°ÅŸ makinasÄ± da yok . Ve enkazdan gelen sesler var.	1.0	YardÄ±m Ã‡aÄŸrÄ±sÄ±	{'il': ['Antakya'], 'ilÃ§e': [], 'mahalle veya kÃ¶y': [], 'bulvar veya cadde veya sokak': ['Emlak bank 1 kÄ±sÄ±m evleri'], 'apartman veya bina veya site': ['7 blok'], 'no': [], 'kiÅŸi': [], 'kiÅŸi durumu': [], 'yer': [], 'ihtiyaÃ§': [], 'telefon numarasÄ±': []}
1622466853707698176	#deprem  Ã§ok bÃ¼yÃ¼k, inÅŸallah az kayÄ±plar olmuÅŸtur, Allah'Ä±m sen koru	0.0	Konu DÄ±ÅŸÄ±	{'il': [], 'ilÃ§e': [], 'mahalle veya kÃ¶y': [], 'bulvar veya cadde veya sokak': [], 'apartman veya bina veya site': [], 'no': [], 'kiÅŸi': [], 'kiÅŸi durumu': [], 'yer': [], 'ihtiyaÃ§': [], 'telefon numarasÄ±': []}
1622764829806153728	"AÃ§lÄ±k , soÄŸuk , enkaz altÄ±, elektrik, su, barÄ±nma 
#deprem  #DEPREMOLDU  #enkazaltÄ±ndayÄ±z #enkaz #SONDAKIKA  #ACÄ°L #Turkiye #Turkey  @AFADBaskanlik #seferberlik
Acil!!! hemen paylaÅŸalÄ±m! yakÄ±nlarda olan ilgili kiÅŸi ve kurumlara ulaÅŸtÄ±ralÄ±m..
#Hatay  #hatayyardimbekliyor #MARAS"	0.0	Ä°htiyaÃ§	{'il': ['Hatay'], 'ilÃ§e': [], 'mahalle veya kÃ¶y': [], 'bulvar veya cadde veya sokak': [], 'apartman veya bina veya site': [], 'no': [], 'kiÅŸi': [], 'kiÅŸi durumu': [], 'yer': [], 'ihtiyaÃ§': ['AÃ§lÄ±k', 'soÄŸuk', 'enkaz altÄ±', 'elektrik', 'su', 'barÄ±nma'], 'telefon numarasÄ±': []}
1622837393064660992	@AhmetKabac4 @harunba98984033 @tselmanoglu SIMDIsabah izledim Malatya'daki yeterli Ã§adÄ±r yok yiyecek yok orduymuss gitmismiss yaÅŸamayÄ±n ÅŸu gÃ¼ndeme gerÃ§ekÃ§i olun be RabbÄ±m sizlerinde sÄ±nar merak etmeyin	0.0	Ä°htiyaÃ§	{'il': ['Malatya'], 'ilÃ§e': [], 'mahalle veya kÃ¶y': [], 'bulvar veya cadde veya sokak': [], 'apartman veya bina veya site': [], 'no': [], 'kiÅŸi': [], 'kiÅŸi durumu': [], 'yer': [], 'ihtiyaÃ§': ['Ã§adÄ±r', 'yiyecek'], 'telefon numarasÄ±': []}
1623049119177773056	Haberler: KahramanmaraÅŸ'ta enkaz altÄ±nda kalan minik Emin'i itfaiye ekipleri kurtardÄ± canligaste.com/kahramanmaras-â€¦	1.0	Bilgi PaylaÅŸÄ±mÄ±	{'il': ['KahramanmaraÅŸ'], 'ilÃ§e': [], 'mahalle veya kÃ¶y': [], 'bulvar veya cadde veya sokak': [], 'apartman veya bina veya site': [], 'no': [], 'kiÅŸi': ['Emin'], 'kiÅŸi durumu': [], 'yer': [], 'ihtiyaÃ§': [], 'telefon numarasÄ±': ['canligaste.com/kahramanmaras-â€¦']}
1622703430199398400	17 saatlik Ã§alÄ±ÅŸma sonucunda bir bebeÄŸimiz daha enkaz altÄ±ndan kurtarÄ±ldÄ± https://t.co/iaZ6P37qUg	0.0	YardÄ±m Ã‡aÄŸrÄ±sÄ±	{'il': [], 'ilÃ§e': [], 'mahalle veya kÃ¶y': [], 'bulvar veya cadde veya sokak': [], 'apartman veya bina veya site': [], 'no': [], 'kiÅŸi': ['bebeÄŸimiz'], 'kiÅŸi durumu': ['enkaz altÄ±ndan kurtarÄ±ldÄ±'], 'yer': [], 'ihtiyaÃ§': [], 'telefon numarasÄ±': []}
1623456193338544128	"@VasylBodnar SayÄ±n bÃ¼yÃ¼kelÃ§i ben ÅŸuan deprem bÃ¶lgesi Elbistan da kurtarma faaliyetlerine katÄ±lÄ±yorum. Ekibinize tercÃ¼manlÄ±k desteÄŸi iÃ§in yardÄ±mcÄ± olabilirim.
+90 505 046 06 77"	0.0	BaÄŸÄ±ÅŸ ve GÃ¶nÃ¼llÃ¼lÃ¼k	{'il': ['Elbistan'], 'ilÃ§e': [], 'mahalle veya kÃ¶y': [], 'bulvar veya cadde veya sokak': [], 'apartman veya bina veya site': [], 'no': [], 'kiÅŸi': [], 'kiÅŸi durumu': [], 'yer': [], 'ihtiyaÃ§': [], 'telefon numarasÄ±': ['+90 505 046 06 77']}
1624295591365824512	DiyarbakÄ±r'da bu sabah enkazdan Ã§Ä±karÄ±lan anne kÃ¶pek ve 2 yavrusu https://t.co/L3yd9wQOZN	0.0	YardÄ±m Ã‡aÄŸrÄ±sÄ±	{'il': ['DiyarbakÄ±r'], 'ilÃ§e': [], 'mahalle veya kÃ¶y': [], 'bulvar veya cadde veya sokak': [], 'apartman veya bina veya site': [], 'no': [], 'kiÅŸi': ['anne kÃ¶pek', '2 yavrusu'], 'kiÅŸi durumu': [], 'yer': [], 'ihtiyaÃ§': [], 'telefon numarasÄ±': []}
1623867950569607168	@leylasahinusta En son ne zaman insan oldunuz bi aynaya bakÄ±p aa ben bir ruhu empatisi olan insanmÄ±ÅŸÄ±m dediniz allahtan korkun be sizden bÃ¼yÃ¼k allah var o insanlarÄ±n da enkaz altÄ±nda kalanlarÄ± var Hatay ÅŸehri inanÄ±lmaz bir zor durumda hala siyaset yapmak uÄŸruna kutuplaÅŸtÄ±rÄ±yorsunuz herkesi yazÄ±k	0.0	Konu DÄ±ÅŸÄ±	{'il': ['Hatay'], 'ilÃ§e': [], 'mahalle veya kÃ¶y': [], 'bulvar veya cadde veya sokak': [], 'apartman veya bina veya site': [], 'no': [], 'kiÅŸi': [], 'kiÅŸi durumu': ['enkaz altÄ±nda kalanlarÄ±'], 'yer': ['Hatay ÅŸehri'], 'ihtiyaÃ§': [], 'telefon numarasÄ±': []}
1623063707940179968	"Hatay'da 3 Ã§ocuk, 42 saat sonra enkazdan kurtarÄ±ldÄ±

gercekgundem.com/guncel/hataydaâ€¦"	0.0	YardÄ±m Ã‡aÄŸrÄ±sÄ±	{'il': ['Hatay'], 'ilÃ§e': [], 'mahalle veya kÃ¶y': [], 'bulvar veya cadde veya sokak': [], 'apartman veya bina veya site': [], 'no': [], 'kiÅŸi': [], 'kiÅŸi durumu': [], 'yer': [], 'ihtiyaÃ§': [], 'telefon numarasÄ±': []}
1623060311447343104	15 saat sonra ÅŸÃ¼kÃ¼rler olsun saÄŸ salim kurtulan kardeÅŸimiz Atilla saÄŸlÄ±ÄŸÄ± yerinde tedavisi devam ediyor.Rabbim tÃ¼m enkaz altÄ±ndaki vatandaÅŸlarÄ±mÄ±zÄ± saÄŸlÄ±klÄ± bir ÅŸekilde ailelerine kavuÅŸtursun inÅŸ ğŸ¤² https://t.co/Mg1IQE2CNA	0.0	YardÄ±m Ã‡aÄŸrÄ±sÄ±	{'il': [], 'ilÃ§e': [], 'mahalle veya kÃ¶y': [], 'bulvar veya cadde veya sokak': [], 'apartman veya bina veya site': [], 'no': [], 'kiÅŸi': ['Atilla'], 'kiÅŸi durumu': ['saÄŸ salim kurtulan'], 'yer': [], 'ihtiyaÃ§': [], 'telefon numarasÄ±': []}
1624525701193043968	140. saatte enkazdan kurtarma Ã§alÄ±ÅŸmalarÄ± sÃ¼rÃ¼yor: KahramanmaraÅŸ merkezli 7,7 ve 7,6 bÃ¼yÃ¼klÃ¼ÄŸÃ¼ndeki depremlerden etkilenen 10 ilde arama kurtarma Ã§alÄ±ÅŸmalarÄ± sÃ¼rÃ¼yor. KahramanmaraÅŸ merkezli iki depremin ardÄ±ndan aralÄ±ksÄ±zâ€¦ dlvr.it/SjH8vR #TÃ¼rkÃ§e #SonDakika #GÃ¼ndem https://t.co/V6QvUL9gbB	0.0	Bilgi PaylaÅŸÄ±mÄ±	{'il': ['KahramanmaraÅŸ', 'Hatay'], 'ilÃ§e': [], 'mahalle veya kÃ¶y': [], 'bulvar veya cadde veya sokak': [], 'apartman veya bina veya site': [], 'no': [], 'kiÅŸi': [], 'kiÅŸi durumu': [], 'yer': [], 'ihtiyaÃ§': ['arama kurtarma'], 'telefon numarasÄ±': []}
1622834951145066496	"Grup Ã¼yemiz:

Beyler Allah rÄ±zasÄ± iÃ§in acil arkadaÅŸÄ±mÄ±n dayÄ±sÄ± o taraflar nasÄ±l bilgisi olan var mÄ± ulaÅŸÄ±lamÄ±yor bina yÄ±kÄ±lmÄ±ÅŸ 

Ä°dris kudret 
EKÄ°NCÄ° MAH. / Ä°NÃ–NÃœ BULVARI | K-NO 78 | D-NO 18
#deprem"	1.0	YardÄ±m Ã‡aÄŸrÄ±sÄ±	{'il': [], 'ilÃ§e': [], 'mahalle veya kÃ¶y': ['Ekinci Mahallesi'], 'bulvar veya cadde veya sokak': ['Ä°nÃ¶nÃ¼ BulvarÄ±'], 'apartman veya bina veya site': [], 'no': ['K-NO 78', 'D-NO 18'], 'kiÅŸi': ['Ä°dris Kudret'], 'kiÅŸi durumu': [], 'yer': [], 'ihtiyaÃ§': ['deprem', 'ronesansrezidans', 'ronesansyardimbekliyor'], 'telefon numarasÄ±': []}
1623508159951151104	"Enkaz altÄ±ndan Ã§Ä±karÄ±lan bir vatandaÅŸ: â€œHepinizi Ã§ok seviyorum.â€ [twitter.com] [video.twimg.com]  
#Haber # SonDakika"	0.0	Bilgi PaylaÅŸÄ±mÄ±	{'il': [], 'ilÃ§e': [], 'mahalle veya kÃ¶y': [], 'bulvar veya cadde veya sokak': [], 'apartman veya bina veya site': [], 'no': [], 'kiÅŸi': ['vatandaÅŸ'], 'kiÅŸi durumu': ['enkaz altÄ±ndan Ã§Ä±karÄ±ldÄ±'], 'yer': [], 'ihtiyaÃ§': [], 'telefon numarasÄ±': []}
1624836816590217216	"Ã¼niversiteler ve bu yÃ¼zden buna sÃ¼rekli karÅŸÄ± Ã§Ä±kÄ±yorlar.
DiÄŸer yol ise stadlar bunun iÃ§in zemin hazÄ±rdÄ± az kalmÄ±ÅŸtÄ± deprem bu  olaylarÄ± ÅŸuan iÃ§in durdurdu.Her ÅŸerde bir hayÄ±r vardÄ±r.ğŸ‡¹ğŸ‡·ğŸ‡¹ğŸ‡·"	0.0	Konu DÄ±ÅŸÄ±	{'il': [], 'ilÃ§e': [], 'mahalle veya kÃ¶y': [], 'bulvar veya cadde veya sokak': [], 'apartman veya bina veya site': [], 'no': [], 'kiÅŸi': [], 'kiÅŸi durumu': [], 'yer': [], 'ihtiyaÃ§': [], 'telefon numarasÄ±': []}
1624741973943787520	@ProfDemirtas @Mahmute60169546 hakaret/iftira davasÄ± aÃ§Ä±n alacaÄŸÄ±nÄ±z parayÄ± dilerseniz deprem bÃ¶lgesine baÄŸÄ±ÅŸlayÄ±n ilerde. En temizi bunlarla laf dalaÅŸÄ±na girmeye deÄŸmez	0.0	Konu DÄ±ÅŸÄ±	{'il': [], 'ilÃ§e': [], 'mahalle veya kÃ¶y': [], 'bulvar veya cadde veya sokak': [], 'apartman veya bina veya site': [], 'no': [], 'kiÅŸi': [], 'kiÅŸi durumu': ['hakaret/iftira'], 'yer': ['deprem bÃ¶lgesi'], 'ihtiyaÃ§': ['para'], 'telefon numarasÄ±': []}
1622822978965880832	Haber :  DiyarbakÄ±r'da yÄ±kÄ±lan binanÄ±n enkazÄ±ndan 27 saat sonra 1 kiÅŸi kurtarÄ±ldÄ± ensondakika.com.tr/diyarbakir-da-â€¦	0.0	Bilgi PaylaÅŸÄ±mÄ±	{'il': ['DiyarbakÄ±r'], 'ilÃ§e': [], 'mahalle veya kÃ¶y': [], 'bulvar veya cadde veya sokak': [], 'apartman veya bina veya site': ['yÄ±kÄ±lan bina'], 'no': [], 'kiÅŸi': ['1 kiÅŸi'], 'kiÅŸi durumu': ['kurtarÄ±ldÄ±'], 'yer': [], 'ihtiyaÃ§': [], 'telefon numarasÄ±': []}
1623753563737317376	@birolgurmhp @AFADBaskanlik Sil lan ÅŸunu . BoÅŸ konuÅŸmayÄ±n	0.0	Konu DÄ±ÅŸÄ±	{'il': [], 'ilÃ§e': [], 'mahalle veya kÃ¶y': [], 'bulvar veya cadde veya sokak': [], 'apartman veya bina veya site': [], 'no': [], 'kiÅŸi': [], 'kiÅŸi durumu': [], 'yer': [], 'ihtiyaÃ§': [], 'telefon numarasÄ±': []}
1622770520939716608	Ã‡ok ciddi yardÄ±m gerekiyor lÃ¼tfen birileri yetiÅŸsin #Hatay #sondakikadeprem https://t.co/YeN2eXHi2t	0.0	YardÄ±m Ã‡aÄŸrÄ±sÄ±	{'il': ['Hatay'], 'ilÃ§e': [], 'mahalle veya kÃ¶y': [], 'bulvar veya cadde veya sokak': [], 'apartman veya bina veya site': [], 'no': [], 'kiÅŸi': [], 'kiÅŸi durumu': [], 'yer': [], 'ihtiyaÃ§': ['yardÄ±m'], 'telefon numarasÄ±': []}
1622791365930147840	Ä°nsanlar gÃ¶Ã§Ã¼k altÄ±nda. Bir kiÅŸiyi kurtarmaya vesile olsak bile Ã¶nemli. #hatayyardimbekliyor	1.0	YardÄ±m Ã‡aÄŸrÄ±sÄ±	{'il': ['Hatay'], 'ilÃ§e': [], 'mahalle veya kÃ¶y': [], 'bulvar veya cadde veya sokak': [], 'apartman veya bina veya site': [], 'no': [], 'kiÅŸi': [], 'kiÅŸi durumu': ['gÃ¶Ã§Ã¼k altÄ±nda'], 'yer': [], 'ihtiyaÃ§': [], 'telefon numarasÄ±': []}
1624480025729720320	@OguzhanUgur Gaziantep'te yaÅŸayan bir aile iÃ§in yardÄ±ma ihtiyaÃ§ vardÄ±r. Net bilgidir. YardÄ±mcÄ± olur musunuz? Bilgilerini paylaÅŸacaÄŸÄ±m.	0.0	YardÄ±m Ã‡aÄŸrÄ±sÄ±	{'il': ['Gaziantep'], 'ilÃ§e': [], 'mahalle veya kÃ¶y': [], 'bulvar veya cadde veya sokak': [], 'apartman veya bina veya site': [], 'no': [], 'kiÅŸi': ['bir aile'], 'kiÅŸi durumu': ['yardÄ±ma ihtiyaÃ§ var'], 'yer': [], 'ihtiyaÃ§': [], 'telefon numarasÄ±': []}
1623288608785326080	"Ä°ÅŸ makineleri , jeneratÃ¶r iÃ§in buralardan destek . Bilgi gÃ¼venilir yerden 

#hidrokon #hidromek #tÃ¼rktraktÃ¶r #hattat #hilti #astor #deprem #afad #birlikzamanÄ± #afad #ibb  #Hatay #akevler  #torunlarapartman #genpower  #ensa  #aksa  #assan  #asprubber"	0.0	Ä°htiyaÃ§	{'il': ['Hatay'], 'ilÃ§e': [], 'mahalle veya kÃ¶y': ['akevler'], 'bulvar veya cadde veya sokak': ['torunlarapartman'], 'apartman veya bina veya site': [], 'no': [], 'kiÅŸi': [], 'kiÅŸi durumu': [], 'yer': [], 'ihtiyaÃ§': ['iÅŸ makineleri', 'jeneratÃ¶r'], 'telefon numarasÄ±': []}
1623920764343975936	#AhbapDernegi #deprem #adiyamandeprem AFAD YaÄŸma Ã‡OK ACÄ°L AKUT haluklevent YardÄ±m #Malatya #depremden Asker #hatayantakya https://t.co/X5JiGXinoM	0.0	BaÄŸÄ±ÅŸ ve GÃ¶nÃ¼llÃ¼lÃ¼k	{'il': ['adiyaman', 'malatya'], 'ilÃ§e': [], 'mahalle veya kÃ¶y': [], 'bulvar veya cadde veya sokak': [], 'apartman veya bina veya site': [], 'no': [], 'kiÅŸi': [], 'kiÅŸi durumu': [], 'yer': [], 'ihtiyaÃ§': ['YaÄŸma', 'YardÄ±m'], 'telefon numarasÄ±': []}
1624062642003353600	"Talha YavaÅŸ  0546 594 49 66
Esenlik mah. Åehit Polis Mehmet YÄ±lmaz sok. Bales apt. No:1 Antakya/Hatay (makine gerektiÄŸi iÃ§in ekip giremiyor)
ALÄ°TAÅI MAHALLESÄ° 1248.SOKAK UMUT APARTMANI B BLOK NO:1 KAT:3
SEDANUR-CEVDET-NURTEN KÃœÃ‡ÃœKER 
Enkaz baÅŸÄ±ndaki kiÅŸi:Cahit KÃœÃ‡ÃœKER 05360117799"	1.0	YardÄ±m Ã‡aÄŸrÄ±sÄ±	{'il': ['Antakya', 'Hatay'], 'ilÃ§e': [], 'mahalle veya kÃ¶y': ['Esenlik mah.'], 'bulvar veya cadde veya sokak': ['Åehit Polis Mehmet YÄ±lmaz sok.'], 'apartman veya bina veya site': ['Bales apt.'], 'no': ['No:1'], 'kiÅŸi': [], 'kiÅŸi durumu': [], 'yer': [], 'ihtiyaÃ§': ['makine'], 'telefon numarasÄ±': ['0546 594 49 66']}
1624765011666116608	"KahramanmaraÅŸ merkezli depremden etkilenen Hatay'Ä±n Antakya ilÃ§esinde, 23 yaÅŸÄ±ndaki zihinsel engelli HÃ¼seyin SeferoÄŸlu, enkazdan saÄŸ Ã§Ä±karÄ±ldÄ±.

Depremden etkilenen Antakya'da, arama kurtarma Ã§alÄ±ÅŸmalarÄ± aralÄ±ksÄ±z sÃ¼rÃ¼yor."	0.0	Bilgi PaylaÅŸÄ±mÄ±	{'il': ['Hatay'], 'ilÃ§e': ['Antakya'], 'mahalle veya kÃ¶y': [], 'bulvar veya cadde veya sokak': [], 'apartman veya bina veya site': [], 'no': [], 'kiÅŸi': ['HÃ¼seyin SeferoÄŸlu'], 'kiÅŸi durumu': ['zihinsel engelli', 'saÄŸ'], 'yer': ['enkazdan'], 'ihtiyaÃ§': [], 'telefon numarasÄ±': []}
1622453904096075776	AFAD geldi kurtarma Ã§alÄ±ÅŸmalarÄ± baÅŸladÄ± soÄŸuk bir yandan yaÄŸmur bir yandan Allah enkaz altÄ±nda kalanlara yardÄ±m etsin Ã¶ylece izliyoruz.ğŸ˜¥ğŸ˜¥ğŸ˜¥ğŸ˜¥ğŸ˜¥ https://t.co/sSByMimY3S	0.0	YardÄ±m Ã‡aÄŸrÄ±sÄ±	{'il': [], 'ilÃ§e': [], 'mahalle veya kÃ¶y': [], 'bulvar veya cadde veya sokak': [], 'apartman veya bina veya site': [], 'no': [], 'kiÅŸi': [], 'kiÅŸi durumu': [], 'yer': [], 'ihtiyaÃ§': [], 'telefon numarasÄ±': []}
1622678962072690688	Acil. Atsuâ€™ya yardÄ±mâ€¦ #Deprem https://t.co/4xYqzGo0Hf	0.0	YardÄ±m Ã‡aÄŸrÄ±sÄ±	{'il': [], 'ilÃ§e': [], 'mahalle veya kÃ¶y': [], 'bulvar veya cadde veya sokak': [], 'apartman veya bina veya site': [], 'no': [], 'kiÅŸi': ['Atsu'], 'kiÅŸi durumu': [], 'yer': [], 'ihtiyaÃ§': [], 'telefon numarasÄ±': []}
1624563834005463040	BugÃ¼n bir arkadaÅŸÄ±mÄ±n gÃ¶nderisinde  baÄŸlantÄ±daki baÄŸÄ±ÅŸ kampanyasÄ±nÄ± gÃ¶rdÃ¼m, sizlerle paylaÅŸmak istedim. KÃ¼Ã§Ã¼k-bÃ¼yÃ¼k farketmeden yardÄ±m yapÄ±labilir. Belirtilen bÃ¶lgelerde hijyen sÄ±kÄ±ntÄ±sÄ± olduÄŸu sÃ¶yleniyor. Ä°Ã§ Ã§amaÅŸÄ±rÄ±, ped, yaÅŸlÄ± bezi, Ä±slak mendil vb. yardÄ±mlar da Ã¶nemli.	0.0	BaÄŸÄ±ÅŸ ve GÃ¶nÃ¼llÃ¼lÃ¼k	{'il': [], 'ilÃ§e': [], 'mahalle veya kÃ¶y': [], 'bulvar veya cadde veya sokak': [], 'apartman veya bina veya site': [], 'no': [], 'kiÅŸi': [], 'kiÅŸi durumu': [], 'yer': [], 'ihtiyaÃ§': ['Ä°Ã§ Ã§amaÅŸÄ±rÄ±', 'ped', 'yaÅŸlÄ± bezi', 'Ä±slak mendil'], 'telefon numarasÄ±': []}
1623969998380179712	"Arama kurtarma Ã§alÄ±ÅŸmalarÄ±nÄ±n 5. gÃ¼nÃ¼nde enkaz altÄ±ndan saatler sonra kurtarÄ±lanlarÄ±n haberleri, tÃ¼m TÃ¼rkiye'ye sevinÃ§ yaÅŸatÄ±yor.
theanatoliapost.com/zamana-karsi-dâ€¦ #deprem #earthquake #earthquakeinturkey #turkiye #turkiyedeprem #turkiyeearthquake #earthquake_turkey #prayforturkey"	0.0	Bilgi PaylaÅŸÄ±mÄ±	{'il': ['TÃ¼rkiye'], 'ilÃ§e': [], 'mahalle veya kÃ¶y': [], 'bulvar veya cadde veya sokak': [], 'apartman veya bina veya site': [], 'no': [], 'kiÅŸi': [], 'kiÅŸi durumu': [], 'yer': [], 'ihtiyaÃ§': ['prayforturkey'], 'telefon numarasÄ±': []}
1624732288452796416	"2 kiÅŸi enkazda 
EnkazÄ±n kaldÄ±rÄ±lmasÄ± gerekiyor kimse kaldÄ±rmaya gelmiyor!! 
Yer SÃ¼merler mahallesi ÅÃ¼krÃ¼ GÃ¼Ã§lÃ¼ Caddesi Asel apartmanÄ± (sSelim Nevzat Åahin Anadolu lisesi karÅŸÄ±sÄ± ) Defne /Hatay
Hazar Ã‡ulhacÄ±oÄŸlu 
0538 584 81 44
@BabalaTv @ahbap"	1.0	YardÄ±m Ã‡aÄŸrÄ±sÄ±	{'il': ['Hatay'], 'ilÃ§e': ['Defne'], 'mahalle veya kÃ¶y': ['SÃ¼merler mahallesi'], 'bulvar veya cadde veya sokak': ['ÅÃ¼krÃ¼ GÃ¼Ã§lÃ¼ Caddesi'], 'apartman veya bina veya site': ['Asel apartmanÄ±'], 'no': [], 'kiÅŸi': ['Hazar Ã‡ulhacÄ±oÄŸlu'], 'kiÅŸi durumu': ['enkazda'], 'yer': ['Selim Nevzat Åahin Anadolu lisesi karÅŸÄ±sÄ±'], 'ihtiyaÃ§': ['EnkazÄ±n kaldÄ±rÄ±lmasÄ± gerekiyor'], 'telefon numarasÄ±': ['0538 584 81 44']}
1622899898373775360	"TÃ¼rkiye'deki depremde 5 bin 775 bina yÄ±kÄ±ldÄ±. 3 bin 432 can kaybÄ±, 21 bin 103 yaralÄ± var. 

Suriye'de ise en az 1602 kiÅŸi Ã¶ldÃ¼, binlerce kiÅŸi yaralandÄ±.

#deprem #tÃ¼rkiye #kahramanmaraÅŸ #hatay #gaziantep #osmaniye #adÄ±yaman #Malatya #Adana #sondakikadeprem #eartquake #enkaz https://t.co/om1BjyIq3f"	0.0	YardÄ±m Ã‡aÄŸrÄ±sÄ±	{'il': ['TÃ¼rkiye'], 'ilÃ§e': ['KahramanmaraÅŸ', 'Hatay', 'Gaziantep', 'Osmaniye', 'AdÄ±yaman', 'Malatya', 'Adana'], 'mahalle veya kÃ¶y': [], 'bulvar veya cadde veya sokak': [], 'apartman veya bina veya site': [], 'no': [], 'kiÅŸi': [], 'kiÅŸi durumu': ['can kaybÄ±', 'yaralÄ±'], 'yer': [], 'ihtiyaÃ§': [], 'telefon numarasÄ±': []}
1622768681582206976	@hanoglu_hakan Hepsine teÅŸekkÃ¼r ederiz destekleri iÃ§in. Adamlar tam takÄ±m binlerce km yoldan geldiler. Biz hala Hatay ve Elbistan a gidemiyoruz yanlÄ±ÅŸmÄ± biliyorum.	0.0	BaÄŸÄ±ÅŸ ve GÃ¶nÃ¼llÃ¼lÃ¼k	{'il': ['Hatay', 'Elbistan'], 'ilÃ§e': [], 'mahalle veya kÃ¶y': [], 'bulvar veya cadde veya sokak': [], 'apartman veya bina veya site': [], 'no': [], 'kiÅŸi': [], 'kiÅŸi durumu': [], 'yer': [], 'ihtiyaÃ§': [], 'telefon numarasÄ±': []}
1623144718782570496	#Hatay #Antakyaâ€™da iki kiÅŸi depremin 45. saatinde saÄŸ olarak enkazdan Ã§Ä±karÄ±ldÄ±. #deprem https://t.co/TJE6ZV1gqj	0.0	Bilgi PaylaÅŸÄ±mÄ±	{'il': ['Hatay', 'Antakya'], 'ilÃ§e': [], 'mahalle veya kÃ¶y': [], 'bulvar veya cadde veya sokak': [], 'apartman veya bina veya site': [], 'no': [], 'kiÅŸi': [], 'kiÅŸi durumu': [], 'yer': [], 'ihtiyaÃ§': [], 'telefon numarasÄ±': []}
1622756512794828800	Daha fazlasÄ± lazÄ±m! SÃ¼re az, hava soÄŸuk! Herkes seferber olsun, elinde iÅŸ makinesi olan gÃ¶ndersin!!! Hatayâ€™Ä±n tamamÄ± yÄ±kÄ±ldÄ±! LÃ¼tfen hÄ±zlÄ±ca gÃ¶nderin! Vaktimiz yok!!! #hatayyardimbekliyor #Hatay #vinÃ§	0.0	Ä°htiyaÃ§	{'il': ['Hatay'], 'ilÃ§e': [], 'mahalle veya kÃ¶y': [], 'bulvar veya cadde veya sokak': [], 'apartman veya bina veya site': [], 'no': [], 'kiÅŸi': [], 'kiÅŸi durumu': [], 'yer': [], 'ihtiyaÃ§': ['elinde iÅŸ makinesi', 'vinÃ§'], 'telefon numarasÄ±': []}
1624154888170004480	@RamazanObuz1 @__KESAFET64__ imar izni belediyededir. bu kadar katlÄ± olmasina onlar izin verdiler. Ki ben bu gÃ¼n haberlerde gÃ¶rdÃ¼m Hatay'da Ã§oÄŸu zamanda yapilmis yeni binalarda yÄ±kÄ±lmÄ±ÅŸ.	0.0	Konu DÄ±ÅŸÄ±	{'il': ['Hatay'], 'ilÃ§e': [], 'mahalle veya kÃ¶y': [], 'bulvar veya cadde veya sokak': [], 'apartman veya bina veya site': [], 'no': [], 'kiÅŸi': [], 'kiÅŸi durumu': [], 'yer': [], 'ihtiyaÃ§': [], 'telefon numarasÄ±': []}
1624806040398094336	"SONDAKÄ°KA 

Hatayâ€™da bir erkek ve 6 aylÄ±k hamile bir kadÄ±n depremin 155. saatinde enkaz altÄ±ndan kurtarÄ±ldÄ±.

#Deprem"	0.0	Bilgi PaylaÅŸÄ±mÄ±	{'il': ['Hatay'], 'ilÃ§e': [], 'mahalle veya kÃ¶y': [], 'bulvar veya cadde veya sokak': [], 'apartman veya bina veya site': [], 'no': [], 'kiÅŸi': ['bir erkek', '6 aylÄ±k hamile bir kadÄ±n'], 'kiÅŸi durumu': ['enkaz altÄ±ndan kurtarÄ±ldÄ±'], 'yer': [], 'ihtiyaÃ§': [], 'telefon numarasÄ±': []}
1622816804698742784	Mucize kurtuluÅŸ haberleri peÅŸ peÅŸe geliyor! KahramanmaraÅŸ, Hatay, Osmaniye, DiyarbakÄ±r'daki kurtarma Ã§alÄ±ÅŸmalarÄ± devam ediyor mynet.com/mucize-kurtuluâ€¦	0.0	Bilgi PaylaÅŸÄ±mÄ±	{'il': ['KahramanmaraÅŸ', 'Hatay', 'Osmaniye', 'DiyarbakÄ±r'], 'ilÃ§e': [], 'mahalle veya kÃ¶y': [], 'bulvar veya cadde veya sokak': [], 'apartman veya bina veya site': [], 'no': [], 'kiÅŸi': [], 'kiÅŸi durumu': ['kurtarma Ã§alÄ±ÅŸmalarÄ± devam ediyor'], 'yer': ['mynet.com/mucize-kurtulu'], 'ihtiyaÃ§': [], 'telefon numarasÄ±': []}
1623339495360716800	"@huseyinbas_BTP Neyse ki seslerine ses olan HÃ¼seyin BaÅŸ var KahramanmaraÅŸ ta.
Seslerine ses olan gerÃ§ekleri gÃ¶steren binlerce BaÄŸÄ±msÄ±z TÃ¼rkiye SevdalÄ±larÄ± deprem bÃ¶lgelerinde.
El birliÄŸi ile hep beraber olacaÄŸÄ±z yaralarÄ± saracaÄŸÄ±z.
#deprem #elbistan #adÄ±yaman
#hatayiskenderun #seferberlik"	0.0	BaÄŸÄ±ÅŸ ve GÃ¶nÃ¼llÃ¼lÃ¼k	{'il': ['KahramanmaraÅŸ', 'AdÄ±yaman', 'Hatay'], 'ilÃ§e': ['Elbistan', 'iskenderun'], 'mahalle veya kÃ¶y': [], 'bulvar veya cadde veya sokak': [], 'apartman veya bina veya site': [], 'no': [], 'kiÅŸi': ['HÃ¼seyin BaÅŸ', 'BaÄŸÄ±msÄ±z TÃ¼rkiye SevdalÄ±larÄ±'], 'kiÅŸi durumu': [], 'yer': [], 'ihtiyaÃ§': ['deprem', 'seferberlik'], 'telefon numarasÄ±': []}
1622814682636750848	"Hatay'da 4, Osmaniye'de bir kiÅŸi enkazdan kurtarÄ±ldÄ±

haber.sol.org.tr/haber/hatayda-â€¦ https://t.co/pSaGSnCTCC"	0.0	Bilgi PaylaÅŸÄ±mÄ±	{'il': ['Hatay', 'Osmaniye'], 'ilÃ§e': [], 'mahalle veya kÃ¶y': [], 'bulvar veya cadde veya sokak': [], 'apartman veya bina veya site': [], 'no': [], 'kiÅŸi': [], 'kiÅŸi durumu': ['enkazdan kurtarÄ±ldÄ±'], 'yer': [], 'ihtiyaÃ§': [], 'telefon numarasÄ±': []}
1623809954904952832	"ğŸš¨ ACÄ°L ğŸš¨ TEYÄ°TLÄ°
HATAY/ANTAKYA 

ACÄ°L POWERBANK, BATTANÄ°YE, PEÃ‡ETE, YAKIT Ä°HTÄ°YACI VAR.

GÃ¼zelburÃ§ Mahallesi Eski Risus Restaurant ArkasÄ± Ã–zel Berk OkullarÄ±nÄ±n ArkasÄ± (Ã‡ADIRDALAR)

SELÄ°NAY Ã‡Ä°FTÃ‡Ä° 0539 487 21 29"	0.0	Ä°htiyaÃ§	{'il': ['Hatay'], 'ilÃ§e': ['Antakya'], 'mahalle veya kÃ¶y': ['GÃ¼zelburÃ§ Mahallesi'], 'bulvar veya cadde veya sokak': [], 'apartman veya bina veya site': [], 'no': [], 'kiÅŸi': ['SELÄ°NAY Ã‡Ä°FTÃ‡Ä°'], 'kiÅŸi durumu': [], 'yer': ['Eski Risus Restaurant ArkasÄ±', 'Ã–zel Berk OkullarÄ±nÄ±n ArkasÄ± (Ã‡ADIRDALAR)'], 'ihtiyaÃ§': ['POWERBANK', 'BATTANÄ°YE', 'PEÃ‡ETE', 'YAKIT'], 'telefon numarasÄ±': ['0539 487 21 29']}
1623119543190056960	Daha iki gÃ¼n Ã¶nce kar yaÄŸdÄ±ÄŸÄ±nda Ã§ok mutlu olmuÅŸtum Allah im daha Ã§ok yaÄŸsÄ±n diye dua etmiÅŸtim. Åimdi ise lÃ¼tfen yaÄŸmasÄ±n Allah im diyorum enkaz altÄ±ndakilere disarfa kalanlara yardÄ±m et Yarabbimm senden baÅŸka yardÄ±m istiicegimiz kimsemiz yok sen yardÄ±m et Yarabbimm	0.0	Konu DÄ±ÅŸÄ±	{'il': [], 'ilÃ§e': [], 'mahalle veya kÃ¶y': [], 'bulvar veya cadde veya sokak': [], 'apartman veya bina veya site': [], 'no': [], 'kiÅŸi': [], 'kiÅŸi durumu': [], 'yer': [], 'ihtiyaÃ§': ['enkaz altÄ±ndakilere yardÄ±m', 'dÄ±ÅŸarÄ±da kalanlara yardÄ±m'], 'telefon numarasÄ±': []}
1624241587566833664	@BabalaTv Armutlu mahallesi sÃ¶ÄŸÃ¼tlÃ¼ sokak Ahmet akbay apartmanÄ± dÄ±ÅŸ kapÄ± no 29. Defne / Hatay Meral sarÄ± ve iki Ã§ocuÄŸu gÃ¶Ã§Ã¼k altÄ±nda hala hiÃ§bir haber yok	1.0	YardÄ±m Ã‡aÄŸrÄ±sÄ±	{'il': ['Hatay'], 'ilÃ§e': ['Defne'], 'mahalle veya kÃ¶y': ['Armutlu mahallesi'], 'bulvar veya cadde veya sokak': ['sÃ¶ÄŸÃ¼tlÃ¼ sokak'], 'apartman veya bina veya site': ['Ahmet akbay apartmanÄ±'], 'no': ['dÄ±ÅŸ kapÄ± no 29'], 'kiÅŸi': ['Meral sarÄ±', 'iki Ã§ocuÄŸu'], 'kiÅŸi durumu': ['gÃ¶Ã§Ã¼k altÄ±nda'], 'yer': [], 'ihtiyaÃ§': [], 'telefon numarasÄ±': []}
1623807040987463680	"@GurkaynakGonenc Åeyh Åamil Mahallesi Dulkadiroglu/KahramanmaraÅŸ 
Seher BozbayÄ±r-05358763087
Ã‡adÄ±r ve kuru gÄ±da ihtiyaÃ§larÄ± var"	0.0	Ä°htiyaÃ§	{'il': ['KahramanmaraÅŸ'], 'ilÃ§e': ['DulkadiroÄŸlu'], 'mahalle veya kÃ¶y': ['Åeyh Åamil Mahallesi'], 'bulvar veya cadde veya sokak': [], 'apartman veya bina veya site': [], 'no': [], 'kiÅŸi': ['Seher BozbayÄ±r'], 'kiÅŸi durumu': [], 'yer': [], 'ihtiyaÃ§': ['Ã‡adÄ±r', 'kuru gÄ±da'], 'telefon numarasÄ±': ['05358763087']}
1622996922037415936	"trendyolda arama kÄ±smÄ±na AFET YARDIM yazÄ±n sayfada deprem bÃ¶lgelerinin ihtiyacÄ± olan ÅŸeyler Ã§Ä±kÄ±yor (Ã§orap,Ä±sÄ±tÄ±cÄ±,mont,bot vs.) ve direkt deprem bÃ¶lgelerine gÃ¶nderilecek
bÃ¼tÃ§enizin uygunluÄŸuna gÃ¶re yardÄ±m edin lÃ¼tfen!"	0.0	BaÄŸÄ±ÅŸ ve GÃ¶nÃ¼llÃ¼lÃ¼k	{'il': ['-'], 'ilÃ§e': ['-'], 'mahalle veya kÃ¶y': ['-'], 'bulvar veya cadde veya sokak': ['-'], 'apartman veya bina veya site': ['-'], 'no': [], 'kiÅŸi': [], 'kiÅŸi durumu': [], 'yer': [], 'ihtiyaÃ§': ['Ã§orap', 'Ä±sÄ±tÄ±cÄ±', 'mont', 'bot'], 'telefon numarasÄ±': []}
1624041453709144064	"Hatay'da, Ä°ki VatandaÅŸ Enkaz AltÄ±ndan KurtarÄ±ldÄ± 
penceretv.com/guncel/hataydaâ€¦"	0.0	YardÄ±m Ã‡aÄŸrÄ±sÄ±	{'il': ['Hatay'], 'ilÃ§e': [], 'mahalle veya kÃ¶y': [], 'bulvar veya cadde veya sokak': [], 'apartman veya bina veya site': [], 'no': [], 'kiÅŸi': ['iki vatandaÅŸ'], 'kiÅŸi durumu': ['enkaz altÄ±ndan kurtarÄ±ldÄ±'], 'yer': [], 'ihtiyaÃ§': [], 'telefon numarasÄ±': []}
1622939932699373568	"adana ÅŸehir hastanesinler 

YAKINLARININ BÄ°LGÄ°SÄ° OLMASI Ä°Ã‡Ä°N PAYLAÅIN
@DepremDairesi @haluklevent #deprem #Jahrein #kendinemuzisyen https://t.co/arrsnsDLVh"	0.0	Bilgi PaylaÅŸÄ±mÄ±	{'il': ['Adana'], 'ilÃ§e': [], 'mahalle veya kÃ¶y': [], 'bulvar veya cadde veya sokak': [], 'apartman veya bina veya site': ['ÅŸehir hastanesi'], 'no': [], 'kiÅŸi': [], 'kiÅŸi durumu': ['YAKINLARININ BÄ°LGÄ°SÄ°'], 'yer': [], 'ihtiyaÃ§': [], 'telefon numarasÄ±': []}
1624094283178422272	@pusholder abi kahramanmaraÅŸÄ± tamamen boÅŸaltalÄ±m bu ne bu deprem durmak bilmiyor	0.0	Konu DÄ±ÅŸÄ±	{'il': ['KahramanmaraÅŸ'], 'ilÃ§e': [], 'mahalle veya kÃ¶y': [], 'bulvar veya cadde veya sokak': [], 'apartman veya bina veya site': [], 'no': [], 'kiÅŸi': [], 'kiÅŸi durumu': [], 'yer': [], 'ihtiyaÃ§': [], 'telefon numarasÄ±': []}
1624099564910260224	"VatandaÅŸlar tarafÄ±ndan afet bÃ¶lgesine gÃ¶nderilmesi iÃ§in otobÃ¼se yÃ¼klenen Ã§adÄ±rlar.
*Denizli Otogar https://t.co/3HEP3WYPz4"	0.0	Ä°htiyaÃ§	{'il': ['Denizli'], 'ilÃ§e': [], 'mahalle veya kÃ¶y': [], 'bulvar veya cadde veya sokak': ['Otogar'], 'apartman veya bina veya site': [], 'no': [], 'kiÅŸi': [], 'kiÅŸi durumu': [], 'yer': [], 'ihtiyaÃ§': ['Ã‡adÄ±r'], 'telefon numarasÄ±': []}
1623003301938704384	#Ã¶zgÃ¼rdemirtaÅŸ arkadaÅŸÄ±mÄ±n ablasÄ± lÃ¼tfen yardÄ±m edin https://t.co/SCd83w69EZ	0.0	YardÄ±m Ã‡aÄŸrÄ±sÄ±	{'il': [], 'ilÃ§e': [], 'mahalle veya kÃ¶y': [], 'bulvar veya cadde veya sokak': [], 'apartman veya bina veya site': [], 'no': [], 'kiÅŸi': ['arkadaÅŸÄ±mÄ±n ablasÄ±'], 'kiÅŸi durumu': [], 'yer': [], 'ihtiyaÃ§': [], 'telefon numarasÄ±': []}
1622699219730542592	@OguzhanUgur @AFADBaskanlik @OguzhanUgur  reisim afÅŸin afÅŸinbey mahallesi afÅŸinbey caddesi lÃ¼tfen ulaÅŸÄ±n kimse yok	0.0	YardÄ±m Ã‡aÄŸrÄ±sÄ±	{'il': ['KahramanmaraÅŸ'], 'ilÃ§e': ['AfÅŸin'], 'mahalle veya kÃ¶y': ['AfÅŸinbey Mahallesi'], 'bulvar veya cadde veya sokak': ['AfÅŸinbey Caddesi'], 'apartman veya bina veya site': [], 'no': [], 'kiÅŸi': [], 'kiÅŸi durumu': [], 'yer': [], 'ihtiyaÃ§': [], 'telefon numarasÄ±': ['ulaÅŸÄ±n']}
1623308028995948288	"#SONDAKÄ°KA
60. Saatte KahramanmaraÅŸâ€™ta bir mucize daha gerÃ§ekleÅŸti

4 yaÅŸÄ±nda bir kÄ±z Ã§ocuÄŸu enkazdan saÄŸ olarak Ã§Ä±karÄ±ldÄ±. Ã‡ok ÅŸÃ¼kÃ¼r durumu iyi. Ä°lk sorusu â€œbabam neredeâ€ oldu."	0.0	Bilgi PaylaÅŸÄ±mÄ±	{'il': ['KahramanmaraÅŸ'], 'ilÃ§e': [], 'mahalle veya kÃ¶y': [], 'bulvar veya cadde veya sokak': [], 'apartman veya bina veya site': [], 'no': [], 'kiÅŸi': ['4 yaÅŸÄ±nda bir kÄ±z Ã§ocuÄŸu'], 'kiÅŸi durumu': ['enkazdan saÄŸ olarak Ã§Ä±karÄ±ldÄ±'], 'yer': [], 'ihtiyaÃ§': [], 'telefon numarasÄ±': []}
1624872287731085312	Teyitli! Hatay Camseki mahhallesi emerce sokak no 6 bebekli aile Ã§ocuklarÄ±yla Evleri hasarlÄ± eve giremiyolar gÃ¼nlerdir dÄ±ÅŸarda sokakta bekliyolar hiÃ§ bi yardÄ±m gelmedi acil Ã§adÄ±r gÄ±da Ä±sÄ±tÄ±cÄ± battaniye vb nolur paylaÅŸÄ±n Ã§ok acil Ã§ok!! #hatay #deprem #afad @DepremDairesi @Kizilay	1.0	YardÄ±m Ã‡aÄŸrÄ±sÄ±	{'il': ['Hatay'], 'ilÃ§e': [], 'mahalle veya kÃ¶y': ['Camseki mahhallesi'], 'bulvar veya cadde veya sokak': ['emerce sokak'], 'apartman veya bina veya site': [], 'no': ['no 6'], 'kiÅŸi': [], 'kiÅŸi durumu': ['bebekli aile'], 'yer': [], 'ihtiyaÃ§': ['Ã§adÄ±r', 'gÄ±da', 'Ä±sÄ±tÄ±cÄ±', 'battaniye'], 'telefon numarasÄ±': []}
1624327359745650688	"Deprem bÃ¶lgelerine gitmek Ã¼zere gÃ¶ndermek istediÄŸiniz bÃ¼tÃ¼n yardÄ±mlarÄ±nÄ±zÄ± okulumuzun spor salonunda akÅŸam 19.00'a kadar toplamaktayÄ±z; 

tÃ¼m yardÄ±mlarÄ±nÄ±zÄ± bekliyoruz. 

NiÅŸantaÅŸÄ± Anadolu Lisesi
Ä°letiÅŸim no: 0553 181 42 54
(teÅŸvikiye mah poyracÄ±k sokak no 65 ÅŸiÅŸli/istanbul)"	0.0	BaÄŸÄ±ÅŸ ve GÃ¶nÃ¼llÃ¼lÃ¼k	{'il': ['Ä°stanbul'], 'ilÃ§e': ['ÅiÅŸli'], 'mahalle veya kÃ¶y': ['TeÅŸvikiye'], 'bulvar veya cadde veya sokak': ['poyracÄ±k sokak'], 'apartman veya bina veya site': [], 'no': ['no 65'], 'kiÅŸi': [], 'kiÅŸi durumu': [], 'yer': ['okulumuzun spor salonu'], 'ihtiyaÃ§': [], 'telefon numarasÄ±': ['0553 181 42 54']}
1624834448066768896	"#SONDAKIKA
Hatay Ä°skenderun'da depremin 161. saatinde 50 yaÅŸÄ±ndaki GÃ¼ler teyze enkazdan saÄŸ olarak Ã§Ä±karÄ±ldÄ±."	0.0	YardÄ±m Ã‡aÄŸrÄ±sÄ±	{'il': ['Hatay'], 'ilÃ§e': ['iskenderun'], 'mahalle veya kÃ¶y': [], 'bulvar veya cadde veya sokak': [], 'apartman veya bina veya site': [], 'no': [], 'kiÅŸi': ['GÃ¼ler teyze'], 'kiÅŸi durumu': ['enkazdan saÄŸ olarak Ã§Ä±karÄ±ldÄ±'], 'yer': [], 'ihtiyaÃ§': [], 'telefon numarasÄ±': []}
1622832639936720896	"HenÃ¼z yemek, giyim, Ã§adÄ±r gibi temel ihtiyaÃ§lar saÄŸlanmadÄ± insanlar sokaklarda bunlarÄ± Twitter'dan yayÄ±n bizim iletiÅŸimimiz kÄ±sÄ±tlÄ±. Hatay/KÄ±rÄ±khan ilÃ§esi

Ä°lk aÄŸÄ±zdan gelen bilgi. ""Allah iÃ§in bir ÅŸey yapÄ±n, aÃ§lÄ±ktan ve donarak Ã¶leceÄŸiz. KurtarÄ±n bizi"" 
hataydaki ark. @duruubtr"	1.0	Ä°htiyaÃ§	{'il': ['Hatay'], 'ilÃ§e': ['KÄ±rÄ±khan'], 'mahalle veya kÃ¶y': [], 'bulvar veya cadde veya sokak': [], 'apartman veya bina veya site': [], 'no': [], 'kiÅŸi': [], 'kiÅŸi durumu': [], 'yer': [], 'ihtiyaÃ§': ['yemek', 'giyim', 'Ã§adÄ±r'], 'telefon numarasÄ±': []}
1624021718581800960	"100. YÄ±l Mesleki ve Teknik Anadolu Lisesi olarak deprem bÃ¶lgesindeki ihtiyaÃ§ sahiplerine gÃ¶nderilmek Ã¼zere okulumuz alan ÅŸefleri, Ã¶ÄŸretmenlerimiz, teknisyen  ve Ã¶ÄŸrencilerimizin iÅŸbirliÄŸi ile  soba ve ara kablo Ã¼retimine baÅŸlanmÄ±ÅŸtÄ±r.Desteklerinizi bekliyoruz.
#depremzede https://t.co/CO089jf391"	0.0	BaÄŸÄ±ÅŸ ve GÃ¶nÃ¼llÃ¼lÃ¼k	{'il': [], 'ilÃ§e': [], 'mahalle veya kÃ¶y': [], 'bulvar veya cadde veya sokak': [], 'apartman veya bina veya site': ['okulumuz'], 'no': [], 'kiÅŸi': ['alan ÅŸefleri', 'Ã¶ÄŸretmenlerimiz', 'teknisyen', 'Ã¶ÄŸrencilerimiz'], 'kiÅŸi durumu': [], 'yer': [], 'ihtiyaÃ§': ['soba', 'ara kablo'], 'telefon numarasÄ±': []}
1624385642384719872	"â€¼ï¸TEYÄ°TLÄ°â€¼ï¸ SAAT : 15.12

BURADA EKÄ°P YOK Ã‡ALIÅMA YOK !!

NihaL Arat gÃ¶Ã§Ã¼k altÄ±nda ses vermiÅŸ ekipler gitsin lÃ¼tfen 
GÃœLCÃœ ELEKTRONÄ°K MÄ°GROS KARÅISI AHMET SAYAR APARTMANI ANTAKYA/HATAY 
Allah rÄ±zasÄ± iÃ§in yardÄ±m edin  paylaÅŸÄ±n!!! Tlf 0534 480 49 50"	1.0	YardÄ±m Ã‡aÄŸrÄ±sÄ±	{'il': ['Hatay'], 'ilÃ§e': ['Antakya'], 'mahalle veya kÃ¶y': [], 'bulvar veya cadde veya sokak': ['AHMET SAYAR APARTMANI'], 'apartman veya bina veya site': [], 'no': [], 'kiÅŸi': ['NihaL Arat'], 'kiÅŸi durumu': ['gÃ¶Ã§Ã¼k altÄ±nda'], 'yer': ['GÃœLCÃœ ELEKTRONÄ°K MÄ°GROS KARÅISI'], 'ihtiyaÃ§': [], 'telefon numarasÄ±': ['0534 480 49 50']}
1624697653173813248	"Åebnem karaÃ§adÄ±r enkaz altÄ±nda. KardeÅŸi ile teyitli. EkskavatÃ¶r ile kepÃ§e gerekiyor. Ã‡ok acil lÃ¼tfen yardÄ±m.  Cebrail mahallesi ayÅŸe fitnat hanÄ±m caddesi fuat seÃ§kin apartmanÄ± valigÃ¶beÄŸi antakya
@BabalaTv @DepremDairesi @barisatay @haluklevent @ismailsaymaz @halktvcomtr"	1.0	YardÄ±m Ã‡aÄŸrÄ±sÄ±	{'il': [], 'ilÃ§e': [], 'mahalle veya kÃ¶y': ['Cebrail mahallesi'], 'bulvar veya cadde veya sokak': ['AyÅŸe Fitnat HanÄ±m caddesi'], 'apartman veya bina veya site': ['Fuat SeÃ§kin apartmanÄ±'], 'no': [], 'kiÅŸi': ['Åebnem KaraÃ§adÄ±r', 'kardeÅŸi'], 'kiÅŸi durumu': ['enkaz altÄ±nda'], 'yer': ['valigÃ¶beÄŸi antakya'], 'ihtiyaÃ§': ['eksikavatÃ¶r', 'kepÃ§e'], 'telefon numarasÄ±': []}
1623506264310312960	HATAYDA OLAN VATANDAÅLARIN DÄ°KKATÄ°NE!!! Ä°SKENDERUN EXPO FUAR ALANINA YARDIM TIRI ULAÅTI. ERZAK Ä°HTÄ°YACI OLAN VATANDAÅLAR ALANA GELSÄ°N!!! Hatay ses var!	0.0	Ä°htiyaÃ§	{'il': ['Hatay'], 'ilÃ§e': ['iskenderun'], 'mahalle veya kÃ¶y': [], 'bulvar veya cadde veya sokak': ['EXPO FUAR ALANI'], 'apartman veya bina veya site': [], 'no': [], 'kiÅŸi': [], 'kiÅŸi durumu': [], 'yer': [], 'ihtiyaÃ§': ['erzak'], 'telefon numarasÄ±': []}
1622678813430673408	"Deprem bÃ¶lgelerinde Ã¼cretsiz kapÄ±larÄ±nÄ± aÃ§an otellerimizin linki ğŸ™ğŸ¼ #Turkey #ohal #deprem #Enkaz #seferberlik #hataydeprem #Kahramanmarasdeprem #adanadeprem #DiyarbakÄ±rdeprem #malatyadeprem 
otelz.com/tr/gecmisolsunâ€¦"	0.0	BaÄŸÄ±ÅŸ ve GÃ¶nÃ¼llÃ¼lÃ¼k	{'il': ['TÃ¼rkiye'], 'ilÃ§e': ['KahramanmaraÅŸ', 'Adana', 'DiyarbakÄ±r', 'Malatya'], 'mahalle veya kÃ¶y': [], 'bulvar veya cadde veya sokak': [], 'apartman veya bina veya site': [], 'no': [], 'kiÅŸi': [], 'kiÅŸi durumu': [], 'yer': [], 'ihtiyaÃ§': [], 'telefon numarasÄ±': []}
1622983057048236032	"Hatay'Ä±n KÄ±rÄ±khan ilÃ§esinde Suriyeli 3 kardeÅŸ depremden saatler sonra enkaz altÄ±ndan askerler tarafÄ±ndan saÄŸ olarak kurtarÄ±ldÄ±.

Haberin devamÄ±&gt;
gazipasamanset.com.tr https://t.co/sWrLK4VPLv"	0.0	YardÄ±m Ã‡aÄŸrÄ±sÄ±	{'il': ['Hatay'], 'ilÃ§e': ['KÄ±rÄ±khan'], 'mahalle veya kÃ¶y': [], 'bulvar veya cadde veya sokak': [], 'apartman veya bina veya site': [], 'no': [], 'kiÅŸi': ['Suriyeli 3 kardeÅŸ'], 'kiÅŸi durumu': ['depremden saatler sonra enkaz altÄ±ndan saÄŸ olarak kurtarÄ±ldÄ±'], 'yer': [], 'ihtiyaÃ§': [], 'telefon numarasÄ±': []}
1622957502202511360	@OguzhanUgur @BabalaTv @PincTivi abi bu Ã¼niversiteler ne olacak evet meb iÃ§in sadece o iller tatil olup diÄŸer yerler aÃ§Ä±k kalabilir ama k.maras daki insan istanbulda okuyorsa devamsÄ±zlÄ±ktan ve maddi durumdan dolayÄ± nasil gelebilir ailesi vefat edenler ne yapacak nasÄ±l geÃ§inecekler okuduklarÄ± ÅŸehirlerde	0.0	Konu DÄ±ÅŸÄ±	{'il': ['KahramanmaraÅŸ', 'Ä°stanbul'], 'ilÃ§e': [], 'mahalle veya kÃ¶y': [], 'bulvar veya cadde veya sokak': [], 'apartman veya bina veya site': [], 'no': [], 'kiÅŸi': ['ailesi vefat edenler'], 'kiÅŸi durumu': [], 'yer': [], 'ihtiyaÃ§': ['geÃ§im'], 'telefon numarasÄ±': []}
1622987831730634752	"ğŸ™Enkaz altÄ±nda kalan 4 yaÅŸÄ±ndaki kÄ±z Ã§ocuÄŸu kurtarÄ±ldÄ±

#Hatay #deprem https://t.co/lZHIqhOFh0"	0.0	YardÄ±m Ã‡aÄŸrÄ±sÄ±	{'il': ['Hatay'], 'ilÃ§e': [], 'mahalle veya kÃ¶y': [], 'bulvar veya cadde veya sokak': [], 'apartman veya bina veya site': [], 'no': [], 'kiÅŸi': [], 'kiÅŸi durumu': [], 'yer': [], 'ihtiyaÃ§': ['kurtarÄ±ldÄ±'], 'telefon numarasÄ±': []}
1622813683792347136	"Ã–ÄŸretmenlerin arama kurtarma Ã§alÄ±ÅŸmalarÄ±na katÄ±lmalarÄ± Ã§ok gÃ¼zel. Ä°yi ki varsÄ±nÄ±z sevgili meslektaÅŸlarÄ±m. 
#deprem 
@oygmmeb 
@meb"	0.0	BaÄŸÄ±ÅŸ ve GÃ¶nÃ¼llÃ¼lÃ¼k	{'il': [], 'ilÃ§e': [], 'mahalle veya kÃ¶y': [], 'bulvar veya cadde veya sokak': [], 'apartman veya bina veya site': [], 'no': [], 'kiÅŸi': [], 'kiÅŸi durumu': ['Ã¶ÄŸretmen'], 'yer': [], 'ihtiyaÃ§': [], 'telefon numarasÄ±': []}
1624648659710115840	"Congratulations champion. Thank you for your support Turkey and Syria. #deprem. 
Islam ÅŸampiyonluk kemerini korudu ve TÃ¼rkiye ve Suriye 'yi unutmayÄ±n dedi .#depremzede"	0.0	Konu DÄ±ÅŸÄ±	{'il': [], 'ilÃ§e': [], 'mahalle veya kÃ¶y': [], 'bulvar veya cadde veya sokak': [], 'apartman veya bina veya site': [], 'no': [], 'kiÅŸi': [], 'kiÅŸi durumu': [], 'yer': [], 'ihtiyaÃ§': [], 'telefon numarasÄ±': []}
1624123648788267008	@cnnturk AdÄ±yaman-besniâ€™de yayÄ±n yaptÄ±ÄŸÄ±nÄ±z ArÄ± Apt. KarÅŸÄ±sÄ±nda ÃœzÃ¼mlÃ¼kent sitesi var. Orada da ses Ä±sÄ± alÄ±ndÄ± lÃ¼tfen ekrana getirin. Bulgaristan ekibi ve Ä°TÃœ ekibi Ã§alÄ±ÅŸÄ±yor. Melike ArÄ±yÃ¼rek hala enkazda.	1.0	YardÄ±m Ã‡aÄŸrÄ±sÄ±	{'il': ['AdÄ±yaman'], 'ilÃ§e': ['besni'], 'mahalle veya kÃ¶y': [], 'bulvar veya cadde veya sokak': [], 'apartman veya bina veya site': ['ÃœzÃ¼mlÃ¼kent sitesi'], 'no': [], 'kiÅŸi': ['Melike ArÄ±yÃ¼rek'], 'kiÅŸi durumu': ['enkazda'], 'yer': ['ArÄ± Apt. KarÅŸÄ±sÄ±nda'], 'ihtiyaÃ§': ['ses Ä±sÄ±'], 'telefon numarasÄ±': []}
1623053161186598912	@haluklevent @acunilicali @ahbapsu Abi konteyner falan da Ã¶nemli tabi ama ÅŸu an insanlar aÃ§ susuz Ã¼stlerinde kÄ±yafet yok doÄŸru dÃ¼zgÃ¼n ileriyi vaat etmeyi bÄ±rakÄ±p ÅŸimdi napabiliriz ona bakÄ±n Allah rÄ±zasÄ± iÃ§in o kadar para toplandÄ± yardÄ±m gitti niye aÃ§ niye Ã¼ÅŸÃ¼yor bu insanlar	0.0	Ä°htiyaÃ§	{'il': [], 'ilÃ§e': [], 'mahalle veya kÃ¶y': [], 'bulvar veya cadde veya sokak': [], 'apartman veya bina veya site': [], 'no': [], 'kiÅŸi': [], 'kiÅŸi durumu': [], 'yer': [], 'ihtiyaÃ§': ['aÃ§lÄ±k', 'susuzluk', 'kÄ±yafet'], 'telefon numarasÄ±': []}
1623841546591141888	@esbilgic AdÄ±yaman GÃ¶lbaÅŸÄ±â€™nda YarbaÅŸÄ± kÃ¶yÃ¼ var. TÃ¼m kÃ¶y iÃ§in acil Ã§adÄ±r lazÄ±m. Yemek gitmiÅŸ ancak Ã§adÄ±r ve Ä±sÄ±tÄ±cÄ± yok.	0.0	Ä°htiyaÃ§	{'il': ['AdÄ±yaman'], 'ilÃ§e': ['GÃ¶lbaÅŸÄ±'], 'mahalle veya kÃ¶y': ['YarbaÅŸÄ± kÃ¶yÃ¼'], 'bulvar veya cadde veya sokak': [], 'apartman veya bina veya site': [], 'no': [], 'kiÅŸi': [], 'kiÅŸi durumu': [], 'yer': [], 'ihtiyaÃ§': ['Ã§adÄ±r', 'Ä±sÄ±tÄ±cÄ±'], 'telefon numarasÄ±': []}
1622925271497146368	"Bu linkte depremzedeleri gÃ¶nÃ¼llÃ¼ olarak mÃ¼safir edecek oteller var ihtiyacÄ± olanlara iletelim #deprem
#AFAD #SONDAKIKA #ACÄ°L #ahbap #hatayyardimbekliyor  otelz.com/tr/gecmisolsunâ€¦"	0.0	BaÄŸÄ±ÅŸ ve GÃ¶nÃ¼llÃ¼lÃ¼k	{'il': ['Hatay'], 'ilÃ§e': [], 'mahalle veya kÃ¶y': [], 'bulvar veya cadde veya sokak': [], 'apartman veya bina veya site': [], 'no': [], 'kiÅŸi': [], 'kiÅŸi durumu': [], 'yer': [], 'ihtiyaÃ§': [], 'telefon numarasÄ±': []}
1622711660925386752	Ã‡ok uzun bir gece bu gece.. Allahâ€™im sen yardÄ±m et ğŸ˜”ğŸ™ #deprem #hataydepremi	0.0	Konu DÄ±ÅŸÄ±	{'il': ['Hatay'], 'ilÃ§e': [], 'mahalle veya kÃ¶y': [], 'bulvar veya cadde veya sokak': [], 'apartman veya bina veya site': [], 'no': [], 'kiÅŸi': [], 'kiÅŸi durumu': [], 'yer': [], 'ihtiyaÃ§': [], 'telefon numarasÄ±': []}
1624084690352177152	@tiktok_us  TÃ¼rkiye deki Deprem zedelere her hangi bir yardÄ±m yapmayÄ± dÃ¼ÅŸÃ¼nÃ¼yormusunuz.	0.0	BaÄŸÄ±ÅŸ ve GÃ¶nÃ¼llÃ¼lÃ¼k	{'il': ['TÃ¼rkiye'], 'ilÃ§e': [], 'mahalle veya kÃ¶y': [], 'bulvar veya cadde veya sokak': [], 'apartman veya bina veya site': [], 'no': [], 'kiÅŸi': [], 'kiÅŸi durumu': ['Deprem zedeleri'], 'yer': [], 'ihtiyaÃ§': ['yardÄ±m'], 'telefon numarasÄ±': []}
1622714899251036160	"deprem bÃ¶lgesinde kapÄ±larÄ±nÄ± Ã¼cretsiz aÃ§an oteller
otelz.com/tr/gecmisolsunâ€¦"	0.0	BaÄŸÄ±ÅŸ ve GÃ¶nÃ¼llÃ¼lÃ¼k	{'il': ['deprem bÃ¶lgesi'], 'ilÃ§e': [], 'mahalle veya kÃ¶y': [], 'bulvar veya cadde veya sokak': [], 'apartman veya bina veya site': ['oteller'], 'no': [], 'kiÅŸi': [], 'kiÅŸi durumu': [], 'yer': [], 'ihtiyaÃ§': ['kapÄ±larÄ±nÄ± Ã¼cretsiz aÃ§ma'], 'telefon numarasÄ±': []}
1622782600401092608	"Acil RT edelim âš ï¸

#deprem #Turkey #hatayyardimbekliyor #Hatay #ohal #sondakikadeprem #seferberlik #AFADhatay #afaddeprem"	0.0	YardÄ±m Ã‡aÄŸrÄ±sÄ±	{'il': ['Hatay'], 'ilÃ§e': ['Ä°skenderun'], 'mahalle veya kÃ¶y': [], 'bulvar veya cadde veya sokak': ['Raif PaÅŸa Caddesi'], 'apartman veya bina veya site': [], 'no': ['31300'], 'kiÅŸi': [], 'kiÅŸi durumu': [], 'yer': [], 'ihtiyaÃ§': [], 'telefon numarasÄ±': []}
1624045737582493696	"KAYIP Ä°LANI 

DAMLA SAYIN, adÄ±yaman merkez yavuz selim mahallesi hastane caddesi'ndeki enkazdan saÄŸ olarak Ã§Ä±karÄ±ldÄ±. GÃ¶tÃ¼rÃ¼ldÃ¼ÄŸÃ¼ hastane bilinmiyor. 

Ã‡ok kÃ¼Ã§Ã¼k yaÅŸta bir depremzede, dÃ¼nden beri ilanlar sÃ¼rÃ¼yor

0536 981 16 01"	0.0	YardÄ±m Ã‡aÄŸrÄ±sÄ±	{'il': ['AdÄ±yaman'], 'ilÃ§e': ['merkez'], 'mahalle veya kÃ¶y': ['yavuz selim mahallesi'], 'bulvar veya cadde veya sokak': ['hastane caddesi'], 'apartman veya bina veya site': [], 'no': [], 'kiÅŸi': ['DAMLA SAYIN'], 'kiÅŸi durumu': ['depremzede', 'saÄŸ'], 'yer': [], 'ihtiyaÃ§': [], 'telefon numarasÄ±': ['0536 981 16 01']}
1622878904301109248	"@alniopulesitivt ArkadaÅŸÄ±mÄ±n amcasÄ± Ã‡etin Ã‡alkÄ±n dÃ¼n den belli haber alÄ±namÄ±yor yaÅŸÄ±yor mu bilmiyoruz kayÄ±p en son olduÄŸu yer
Antakya iskenderun yolu no 146 havarelife Ã¶zhan otel
Olarak biliniyor lÃ¼tfen yardÄ±m edelim lÃ¼tfen"	1.0	YardÄ±m Ã‡aÄŸrÄ±sÄ±	{'il': ['Antakya'], 'ilÃ§e': ['iskenderun'], 'mahalle veya kÃ¶y': [], 'bulvar veya cadde veya sokak': ['iskenderun yolu'], 'apartman veya bina veya site': ['havarelife Ã¶zhan otel'], 'no': ['no 146'], 'kiÅŸi': ['Ã‡etin Ã‡alkÄ±n'], 'kiÅŸi durumu': ['kayÄ±p'], 'yer': [], 'ihtiyaÃ§': [], 'telefon numarasÄ±': []}
1624523420556836864	"LÃœTFEN YARDIM Yaman ailesi enkazda Birsen Yaman/Mustafa Berk Yaman/Zeynep Yaman/Mehmet Yaman 
Antakya cumhuriyet mah. 7. Ä°pek sokak UÃ§ar sitesi B blok 4. Kat @AFADBaskanlik @haluklevent  @BabalaTv @OguzhanUgur @Ahbap_Hatay @antakyakzly @DepremDairesi @DepremTR #AHBAP #dilanpolat"	1.0	YardÄ±m Ã‡aÄŸrÄ±sÄ±	{'il': ['Antakya'], 'ilÃ§e': [], 'mahalle veya kÃ¶y': ['cumhuriyet mah.'], 'bulvar veya cadde veya sokak': ['Ä°pek sokak'], 'apartman veya bina veya site': ['UÃ§ar sitesi', 'B blok'], 'no': ['4. Kat'], 'kiÅŸi': ['Birsen Yaman', 'Mustafa Berk Yaman', 'Zeynep Yaman', 'Mehmet Yaman'], 'kiÅŸi durumu': [], 'yer': [], 'ihtiyaÃ§': [], 'telefon numarasÄ±': []}
1622913466196541440	@holdingronesans Gaziantep / NurdaÄŸÄ± , NurdaÄŸÄ± otelinde kalmakta olan mÃ¼hendislerinizden haber alamÄ±yoruz, enkaz altÄ±nda bildiÄŸim 4 kiÅŸi var  , kurtarma ekiplerinizi oraya yÃ¶nlendirme imkanÄ±nÄ±z var mÄ± ?	1.0	YardÄ±m Ã‡aÄŸrÄ±sÄ±	{'il': ['Gaziantep', 'NurdaÄŸÄ±'], 'ilÃ§e': ['NurdaÄŸÄ±'], 'mahalle veya kÃ¶y': [], 'bulvar veya cadde veya sokak': [], 'apartman veya bina veya site': ['NurdaÄŸÄ± oteli'], 'no': [], 'kiÅŸi': ['mÃ¼hendisleriniz'], 'kiÅŸi durumu': ['haber alÄ±namÄ±yor', 'enkaz altÄ±nda'], 'yer': [], 'ihtiyaÃ§': [], 'telefon numarasÄ±': []}
1622802861015941120	"RT yapalÄ±m herkes gÃ¶rsÃ¼n !!!!
#deprem #Gaziantep 
#Hatay  #Kahramanmaras
#sondakikadeprem 
#Elbistan 
#iskenderun https://t.co/gjTdMfSSqX"	0.0	Konu DÄ±ÅŸÄ±	{'il': ['Gaziantep', 'Hatay', 'Kahramanmaras', 'iskenderun'], 'ilÃ§e': [], 'mahalle veya kÃ¶y': [], 'bulvar veya cadde veya sokak': [], 'apartman veya bina veya site': [], 'no': [], 'kiÅŸi': [], 'kiÅŸi durumu': [], 'yer': [], 'ihtiyaÃ§': [], 'telefon numarasÄ±': []}
1624663203618734080	@akinipek01 @hasanozturk3450 Ah abi ah gitti gÃ¼zelim MaraÅŸ ğŸ˜­ğŸ˜­	0.0	Konu DÄ±ÅŸÄ±	{'il': ['KahramanmaraÅŸ'], 'ilÃ§e': [], 'mahalle veya kÃ¶y': [], 'bulvar veya cadde veya sokak': [], 'apartman veya bina veya site': [], 'no': [], 'kiÅŸi': [], 'kiÅŸi durumu': [], 'yer': [], 'ihtiyaÃ§': [], 'telefon numarasÄ±': []}
1622975967760203776	Hatay bÃ¼yÃ¼kÅŸehir belediye binasÄ± arkasÄ± Tuba apartmanÄ±. MÃ¼jdat ve AyÅŸÄ±l Kuseyrioglu haber alÄ±namadÄ±. LÃ¼tfen yardÄ±m. #antakyahatay	1.0	YardÄ±m Ã‡aÄŸrÄ±sÄ±	{'il': ['Hatay'], 'ilÃ§e': [], 'mahalle veya kÃ¶y': [], 'bulvar veya cadde veya sokak': [], 'apartman veya bina veya site': ['Tuba apartmanÄ±'], 'no': [], 'kiÅŸi': ['MÃ¼jdat Kuseyrioglu', 'AyÅŸÄ±l Kuseyrioglu'], 'kiÅŸi durumu': ['haber alÄ±namadÄ±'], 'yer': ['Hatay bÃ¼yÃ¼kÅŸehir belediye binasÄ± arkasÄ±'], 'ihtiyaÃ§': [], 'telefon numarasÄ±': []}
